Video ID,Title,No of Views,No of Likes,No of Comments
6pHZmBin4Xc,Toruk Macto - AVATAR (4k Movie Clip),2433975,18652,489
waJKJW_XU90,Avatar: The Last Airbender | Official Teaser | Netflix,14239088,351427,32537
d9MyW72ELq0,Avatar: The Way of Water | Official Trailer,58126928,1042800,43090
nsO1isT60h8,Destruction of Home Tree - AVATAR (4k Movie Clip),477088,3769,613
5PSNL1qE6VY,Avatar | Official Trailer (HD) | 20th Century FOX,12791056,81213,8936
PLtgIILX7E8,AVATAR Full Movie 2023: Fallen Kingdom | Superhero FXL Action Movies 2023 in English (Game Movie),42699352,201834,1319
QohBlL3WurE,Training with the Ikran - AVATAR (4k Movie Clip),219200,2873,65
VjIdoK0xM5E,Neytiri and Jake vs Quaritch - Final Battle Scene - Avatar (2009) Movie Clip HD,1179094,4347,123
-pDP5K-xW2Y,Jake vs Colonel Quaritch - AVATAR (4k Movie Clip),829070,7036,424
Mvt1OWNk_Sg,The Final Battle (Part 1) - AVATAR (4k Movie Clip),507807,5019,211
a8Gx8wiNbs8,Avatar: The Way of Water | Official Teaser Trailer,27759486,682436,29015
Hj6JCTAqFOo,AVATAR 3 Full Movie 2023 Fallen Kingdom HD,61851,232,12
YXtWPVFk5TQ,Avatar 3  Official Trailer | James Cameron  | 20th Century Studios | Avatar 3 Trailer,3189411,39171,1424
ofvrOdrO9gY,Neytiri saves Jake (Ending Scene) - AVATAR (4k Movie Clip),1289820,16864,863
WDFr1O_GeAQ,Avatar (2009) - Best Scenes,2338737,18057,635
3G6J-ITWekA,Jake Wakes up in his Avatar Body - AVATAR (4k Movie Clip),5357232,23139,674
ZM2k1UmcCXg,"AVATAR Clip - ""Ikran"" (2009)",28526869,163670,2209
TgT8b62FJRI,Jake Meets Neytiri - AVATAR (4k Movie Clip),289633,3675,170
oFErWcXJLdw,TRAINING TO BE IN THE NEXT AVATAR MOVIE,2533481,49533,1667
jbncrh_3NfM,The Final Battle (Part 3) - AVATAR (4k Movie Clip),574711,4896,200
0sJeBiUCIt4,AVATAR Clip - Final Battle (2009) James Cameron,32311789,191753,3676
V67Ytgs6KJo,Avatar: First Movie RECAP,609702,10339,318
2u9ApB0sWxw,"AVATAR RECAP: Everything You need to Know Before ""Way of Water""",579278,8996,322
mdhEj_rG80Y,AVATAR - Movie Behind the Scenes | Making of,2923002,8132,134
cMzwBkBdX6w,Did You Know This in AVATAR: THE WAY OF WATER? #shorts,858782,60823,278
nxjOFZqtLJc,AVATAR 3 Official Trailer (2024) | 20th Century Studios | Disney+,1833053,21241,593
f5Zx8iPek5I,Avatar 3 Will Introduce The Dark SideðŸ”¥ Of Na'viâ€¦!?ðŸ˜®,7720675,350374,3999
zpSueMIfc2k,"AVATAR Clip - ""Awake"" (2009) James Cameron",13119642,54045,753
uLbnhYxh5Uk,Avatar The Way Of Water full movie :2023 || official movie|| 2022,41399,118,4
noVddIRzn3o,Sander VS Avatar Jake Sully #sandervs #satisfying #avatar,148928149,1153298,3280
Xkw96oC3LnI,First Look at Team Avatar Movie Poster (2025),369336,32745,1209
HR2kbOK8i6I,The Last Airbender (2010) - Earthbenders Revolt! Scene (2/10) | Movieclips,10148098,78345,0
QOg9LUIvaig,"AVATAR: THE LAST AIRBENDER | Water, Earth, Fire, Air | Netflix",3256873,55203,3977
Ehf6iESkLMk,Avatar 2: The Way Of Water - All Clips From The Movie (2022),2117122,10638,137
N_c8vTay6-k,Avatar 2 scenepack â€˜child scenesâ€™,401052,4494,144
BEJLykiVSIc,Avatar The Last Airbender Netflix Trailer Reaction & Discussion,29260,1968,263
csLtoAImEzk,"Avatar the Last Airbender Live Action Trailer Breakdown (2024)- Easter, Eggs & Hidden Details",40605,2410,356
u3_Uhq6qxhU,AVATAR: THE LAST AIRBENDER Official First Look (2024) Netflix Live Action Trailer,786419,6154,1082
XmxLG1HBNTk,AVATAR Full Movie 2023: Galactic Empire | Superhero FXL Action Movies 2023 in English (Game Movie),2189628,7351,60
T5vdPy7nbRQ,Avatar Element Animation 2,2286758,187779,4635
RGx8rYbRVR4,Why People Hate Avatar: A Lesson In Lazy Commentary,431193,25950,4044
bU2GSxkKqsU,Avatar (2009) | Jakeâ€™s first appearance as a Avatar Scene,1960539,86501,161
p_GgAHd5siE,TOPH: An Avatar Fan Film,2220277,135141,5403
3PrzP8EEirU,Netflix's Avatar The Last Airbender Looks...,36297,3359,698
n76KALvTN3Q,Avatar: The Way of Water (2022) - Lo'ak Rush to Save Payakan,1488354,4394,51
7xC-r3jOEp8,AVATAR: THE LAST AIRBENDER - OFFICIAL TRAILER (2024) | Netflix,295619,1935,193
U7cVZD0idBw,The Avatar wins a war with a Tsunami | The Last Airbender | CLIP,2399163,18407,747
kXShLPXfWZA,Aang vs. Ozai ðŸ”¥ FULL UNCUT FINAL BATTLE | Avatar,68517863,904086,44209
53ZP1nfx2u8,Avatar: The Way of Water (2022) - Metkayina Confront Humans to Rescue Kids,1174466,6080,172
Mw192fc8LsQ,Lo'ak & Tsireya - The Way of Water,4907560,25135,259
